{"properties":{"connectionReferences":{"shared_commondataserviceforapps":{"runtimeSource":"embedded","connection":{"connectionReferenceLogicalName":"aib_sharedcommondataserviceforapps_f1954"},"api":{"name":"shared_commondataserviceforapps"}},"shared_commondataservice_1":{"runtimeSource":"embedded","connection":{"connectionReferenceLogicalName":"aib_sharedcommondataservice_c3aab"},"api":{"name":"shared_commondataservice"}},"shared_commondataservice":{"runtimeSource":"embedded","connection":{"connectionReferenceLogicalName":"aib_sharedcommondataservice_c3aab"},"api":{"name":"shared_commondataservice"}}},"definition":{"$schema":"https://schema.management.azure.com/providers/Microsoft.Logic/schemas/2016-06-01/workflowdefinition.json#","contentVersion":"1.0.0.0","parameters":{"$connections":{"defaultValue":{},"type":"Object"},"$authentication":{"defaultValue":{},"type":"SecureObject"}},"triggers":{"When_a_record_is_created,_updated_or_deleted":{"type":"OpenApiConnectionWebhook","inputs":{"host":{"connectionName":"shared_commondataserviceforapps","operationId":"SubscribeWebhookTrigger","apiId":"/providers/Microsoft.PowerApps/apis/shared_commondataserviceforapps"},"parameters":{"subscriptionRequest/message":4,"subscriptionRequest/entityname":"aib_documentautomationprocessing","subscriptionRequest/scope":2,"subscriptionRequest/filterexpression":"aib_processingstatus eq 914700001"},"authentication":"@parameters('$authentication')"}}},"actions":{"Get_attachment":{"runAfter":{"Initialize_variable_TableRows":["Succeeded"]},"type":"OpenApiConnection","inputs":{"host":{"connectionName":"shared_commondataserviceforapps","operationId":"GetEntityFileImageFieldContent","apiId":"/providers/Microsoft.PowerApps/apis/shared_commondataserviceforapps"},"parameters":{"entityName":"aib_documentautomationprocessings","recordId":"@triggerOutputs()?['body/aib_documentautomationprocessingid']","fileImageFieldName":"aib_filedata"},"authentication":"@parameters('$authentication')"}},"Create_document_processing_data":{"runAfter":{"Extract_values":["Succeeded"]},"type":"OpenApiConnection","inputs":{"host":{"connectionName":"shared_commondataservice_1","operationId":"PostItem_V2","apiId":"/providers/Microsoft.PowerApps/apis/shared_commondataservice"},"parameters":{"dataset":"default.cds","table":"aib_documentautomationdatas","item/aib_name":"@triggerOutputs()?['body/aib_name']","item/aib_data1":"@variables('DataDictionary')?['Data1']","item/aib_data10":"@variables('DataDictionary')?['Data10']","item/aib_data11":"@variables('DataDictionary')?['Data11']","item/aib_data12":"@variables('DataDictionary')?['Data12']","item/aib_data13":"@variables('DataDictionary')?['Data13']","item/aib_data14":"@variables('DataDictionary')?['Data14']","item/aib_data15":"@variables('DataDictionary')?['Data15']","item/aib_data16":"@variables('DataDictionary')?['Data16']","item/aib_data17":"@variables('DataDictionary')?['Data17']","item/aib_data18":"@variables('DataDictionary')?['Data18']","item/aib_data19":"@variables('DataDictionary')?['Data19']","item/aib_data2":"@variables('DataDictionary')?['Data2']","item/aib_data20":"@variables('DataDictionary')?['Data21']","item/aib_data21":"@variables('DataDictionary')?['Data21']","item/aib_data22":"@variables('DataDictionary')?['Data23']","item/aib_data23":"@variables('DataDictionary')?['Data23']","item/aib_data24":"@variables('DataDictionary')?['Data24']","item/aib_data25":"@variables('DataDictionary')?['Data25']","item/aib_data26":"@variables('DataDictionary')?['Data26']","item/aib_data27":"@variables('DataDictionary')?['Data27']","item/aib_data3":"@variables('DataDictionary')?['Data3']","item/aib_data4":"@variables('DataDictionary')?['Data4']","item/aib_data5":"@variables('DataDictionary')?['Data5']","item/aib_data6":"@variables('DataDictionary')?['Data6']","item/aib_data7":"@variables('DataDictionary')?['Data7']","item/aib_data8":"@variables('DataDictionary')?['Data8']","item/aib_data9":"@variables('DataDictionary')?['Data9']","item/_aib_documentautomationprocessing_value":"@triggerOutputs()?['body/aib_documentautomationprocessingid']","item/_ownerid_type":""},"authentication":"@parameters('$authentication')"}},"Set_Predict_failed":{"runAfter":{"Predict":["Failed"]},"type":"OpenApiConnection","inputs":{"host":{"connectionName":"shared_commondataserviceforapps","operationId":"UpdateRecord","apiId":"/providers/Microsoft.PowerApps/apis/shared_commondataserviceforapps"},"parameters":{"entityName":"aib_documentautomationprocessings","recordId":"@triggerOutputs()?['body/aib_documentautomationprocessingid']","item/aib_processingstatus":914700006},"authentication":"@parameters('$authentication')"}},"Predict":{"runAfter":{"Get_model_to_use":["Succeeded"]},"type":"OpenApiConnection","inputs":{"host":{"connectionName":"shared_commondataserviceforapps","operationId":"PerformBoundAction","apiId":"/providers/Microsoft.PowerApps/apis/shared_commondataserviceforapps"},"parameters":{"entityName":"msdyn_aimodels","actionName":"Microsoft.Dynamics.CRM.Predict","recordId":"@outputs('Get_model_to_use')?['body/_aib_msdyn_aimodel_value']","item/version":"1.0","item/request":"{\"mimeType\":\"@{triggerOutputs()?['body/aib_filemimetype']}\",\"base64Encoded\":\"@{base64(outputs('Get_attachment')?['body'])}\"}"},"authentication":"@parameters('$authentication')"}},"Get_model_to_use":{"runAfter":{"Get_attachment":["Succeeded"]},"type":"OpenApiConnection","inputs":{"host":{"connectionName":"shared_commondataservice","operationId":"GetItem_V2","apiId":"/providers/Microsoft.PowerApps/apis/shared_commondataservice"},"parameters":{"dataset":"default.cds","table":"aib_documentautomationconfigurations","id":"@triggerOutputs()?['body/_aib_documentautomationconfigurati_value']"},"authentication":"@parameters('$authentication')"}},"Get_label_to_field_mapping":{"runAfter":{"Predict":["Succeeded"]},"type":"OpenApiConnection","inputs":{"host":{"connectionName":"shared_commondataserviceforapps","operationId":"ListRecords","apiId":"/providers/Microsoft.PowerApps/apis/shared_commondataserviceforapps"},"parameters":{"entityName":"aib_documentautomationtaxonomies","$filter":"_aib_documentautomationconfigurati_value eq '@{outputs('Get_model_to_use')?['body/aib_documentautomationconfigurationid']}'","$orderby":"aib_index"},"authentication":"@parameters('$authentication')"}},"Initialize_variable_DataDictionary":{"runAfter":{},"type":"InitializeVariable","inputs":{"variables":[{"name":"DataDictionary","type":"object","value":{}}]}},"Extract_values":{"foreach":"@outputs('Get_label_to_field_mapping')?['body/value']","actions":{"Set_extracted_values":{"runAfter":{},"type":"Compose","inputs":"@setProperty(variables('DataDictionary'), items('Extract_values')?['aib_name'], if(empty(items('Extract_values')?['aib_mappedcolumn']), null, json(outputs('Predict')?['body/response'])['predictionOutput']?['labels']?[items('Extract_values')?['aib_mappedcolumn']]?['value']))"},"Set_variable_DataDictionary":{"runAfter":{"Set_extracted_values":["Succeeded"]},"type":"SetVariable","inputs":{"name":"DataDictionary","value":"@outputs('Set_extracted_values')"}}},"runAfter":{"Get_label_to_field_mapping":["Succeeded"]},"type":"Foreach"},"Get_table_label_to_field_mapping":{"runAfter":{"Create_document_processing_data":["Succeeded"]},"type":"OpenApiConnection","inputs":{"host":{"connectionName":"shared_commondataserviceforapps","operationId":"ListRecords","apiId":"/providers/Microsoft.PowerApps/apis/shared_commondataserviceforapps"},"parameters":{"entityName":"aib_documentautomationtabletaxonomies","$filter":"_aib_documentautomationconfigurati_value eq '@{outputs('Get_model_to_use')?['body/aib_documentautomationconfigurationid']}'","$orderby":"aib_tablename, aib_index"},"authentication":"@parameters('$authentication')"}},"Extract_tables_taxonomies":{"foreach":"@outputs('Get_table_label_to_field_mapping')?['body/value']","actions":{"Condition":{"actions":{"Reset_variable_TableTaxonomy":{"runAfter":{},"type":"SetVariable","inputs":{"name":"TableTaxonomy","value":[]}},"Append_to_array_variable":{"runAfter":{"Reset_variable_TableTaxonomy":["Succeeded"]},"type":"AppendToArrayVariable","inputs":{"name":"TableNames","value":"@items('Extract_tables_taxonomies')?['aib_tablename']"}}},"runAfter":{},"expression":{"not":{"contains":["@variables('TableNames')","@items('Extract_tables_taxonomies')?['aib_tablename']"]}},"type":"If"},"Set_variable_TableTaxonomyDictionary":{"runAfter":{"Update_table_taxonomies":["Succeeded"]},"type":"SetVariable","inputs":{"name":"TableTaxonomyDictionary","value":"@outputs('Update_table_taxonomies')"}},"Append_to_array_variable_TableTaxonomy":{"runAfter":{"Condition":["Succeeded"]},"type":"AppendToArrayVariable","inputs":{"name":"TableTaxonomy","value":"@coalesce(items('Extract_tables_taxonomies')?['aib_mappedcolumn'], '')"}},"Update_table_taxonomies":{"runAfter":{"Append_to_array_variable_TableTaxonomy":["Succeeded"]},"type":"Compose","inputs":"@setProperty(variables('TableTaxonomyDictionary'), items('Extract_tables_taxonomies')?['aib_tablename'], variables('TableTaxonomy'))"}},"runAfter":{"Get_table_label_to_field_mapping":["Succeeded"]},"type":"Foreach","runtimeConfiguration":{"concurrency":{"repetitions":1}}},"Initialize_variable_TableRows":{"runAfter":{"Initialize_variable_TableTaxonomy":["Succeeded"]},"type":"InitializeVariable","inputs":{"variables":[{"name":"TableRows","type":"array","value":[]}]}},"Initialize_variable_TableNames":{"runAfter":{"Initialize_variable_DataDictionary":["Succeeded"]},"type":"InitializeVariable","inputs":{"variables":[{"name":"TableNames","type":"array","value":[]}]}},"Initialize_variable_TableTaxonomy":{"runAfter":{"Initialize_variable_TableTaxonomyDictionary":["Succeeded"]},"type":"InitializeVariable","inputs":{"variables":[{"name":"TableTaxonomy","type":"array"}]}},"Initialize_variable_TableTaxonomyDictionary":{"runAfter":{"Initialize_variable_TableNames":["Succeeded"]},"type":"InitializeVariable","inputs":{"variables":[{"name":"TableTaxonomyDictionary","type":"object","value":{}}]}},"Extract_tables_data":{"foreach":"@variables('TableNames')","actions":{"Extract_table_row":{"foreach":"@variables('TableRows')","actions":{"Create_document_automation_table_Data":{"runAfter":{},"type":"OpenApiConnection","inputs":{"host":{"connectionName":"shared_commondataservice_1","operationId":"PostItem_V2","apiId":"/providers/Microsoft.PowerApps/apis/shared_commondataservice"},"parameters":{"dataset":"default.cds","table":"aib_documentautomationtabledatas","item/aib_name":"@guid()","item/aib_tablename":"@items('Extract_tables_data')","item/aib_data1":"@if(equals(variables('TableTaxonomyDictionary')?[items('Extract_tables_data')][0],''), null, json(string(items('Extract_table_row')))[variables('TableTaxonomyDictionary')?[items('Extract_tables_data')][0]]?['value'])","item/aib_data10":"@if(equals(variables('TableTaxonomyDictionary')?[items('Extract_tables_data')][9],''), null, json(string(items('Extract_table_row')))[variables('TableTaxonomyDictionary')?[items('Extract_tables_data')][9]]?['value'])","item/aib_data2":"@if(equals(variables('TableTaxonomyDictionary')?[items('Extract_tables_data')][1],''), null, json(string(items('Extract_table_row')))[variables('TableTaxonomyDictionary')?[items('Extract_tables_data')][1]]?['value'])","item/aib_data3":"@if(equals(variables('TableTaxonomyDictionary')?[items('Extract_tables_data')][2],''), null, json(string(items('Extract_table_row')))[variables('TableTaxonomyDictionary')?[items('Extract_tables_data')][2]]?['value'])","item/aib_data4":"@if(equals(variables('TableTaxonomyDictionary')?[items('Extract_tables_data')][3],''), null, json(string(items('Extract_table_row')))[variables('TableTaxonomyDictionary')?[items('Extract_tables_data')][3]]?['value'])","item/aib_data5":"@if(equals(variables('TableTaxonomyDictionary')?[items('Extract_tables_data')][4],''), null, json(string(items('Extract_table_row')))[variables('TableTaxonomyDictionary')?[items('Extract_tables_data')][4]]?['value'])","item/aib_data6":"@if(equals(variables('TableTaxonomyDictionary')?[items('Extract_tables_data')][5],''), null, json(string(items('Extract_table_row')))[variables('TableTaxonomyDictionary')?[items('Extract_tables_data')][5]]?['value'])","item/aib_data7":"@if(equals(variables('TableTaxonomyDictionary')?[items('Extract_tables_data')][6],''), null, json(string(items('Extract_table_row')))[variables('TableTaxonomyDictionary')?[items('Extract_tables_data')][6]]?['value'])","item/aib_data8":"@if(equals(variables('TableTaxonomyDictionary')?[items('Extract_tables_data')][7],''), null, json(string(items('Extract_table_row')))[variables('TableTaxonomyDictionary')?[items('Extract_tables_data')][7]]?['value'])","item/aib_data9":"@if(equals(variables('TableTaxonomyDictionary')?[items('Extract_tables_data')][8],''), null, json(string(items('Extract_table_row')))[variables('TableTaxonomyDictionary')?[items('Extract_tables_data')][8]]?['value'])","item/_aib_documentautomationprocessing_value":"@triggerOutputs()?['body/aib_documentautomationprocessingid']","item/_ownerid_type":""},"authentication":"@parameters('$authentication')"}}},"runAfter":{"Set_Table_Rows":["Succeeded"]},"type":"Foreach"},"Set_Table_Rows":{"runAfter":{},"type":"SetVariable","inputs":{"name":"TableRows","value":"@json(outputs('Predict')?['body/response'])['predictionOutput']?['tables']?[items('Extract_tables_data')]?['entries']"}}},"runAfter":{"Extract_tables_taxonomies":["Succeeded"]},"type":"Foreach","runtimeConfiguration":{"concurrency":{"repetitions":1}}},"Update_processing_status":{"runAfter":{"Extract_tables_data":["Succeeded"]},"type":"OpenApiConnection","inputs":{"host":{"connectionName":"shared_commondataserviceforapps","operationId":"UpdateRecord","apiId":"/providers/Microsoft.PowerApps/apis/shared_commondataserviceforapps"},"parameters":{"entityName":"aib_documentautomationprocessings","recordId":"@triggerOutputs()?['body/aib_documentautomationprocessingid']","item/aib_processingstatus":914700002},"authentication":"@parameters('$authentication')"}}},"outputs":{}}},"schemaVersion":"1.0.0.0"}