{"properties":{"connectionReferences":{"shared_commondataservice":{"runtimeSource":"embedded","connection":{"connectionReferenceLogicalName":"aib_sharedcommondataservice_c3aab"},"api":{"name":"shared_commondataservice"}},"shared_commondataserviceforapps":{"runtimeSource":"embedded","connection":{"connectionReferenceLogicalName":"aib_sharedcommondataserviceforapps_f1954"},"api":{"name":"shared_commondataserviceforapps"}},"shared_office365":{"runtimeSource":"embedded","connection":{"connectionReferenceLogicalName":"aib_sharedoffice365_65be3"},"api":{"name":"shared_office365"}}},"definition":{"$schema":"https://schema.management.azure.com/providers/Microsoft.Logic/schemas/2016-06-01/workflowdefinition.json#","contentVersion":"1.0.0.0","parameters":{"$connections":{"defaultValue":{},"type":"Object"},"$authentication":{"defaultValue":{},"type":"SecureObject"}},"triggers":{"When_a_new_email_arrives_(V3)":{"recurrence":{"interval":1,"frequency":"Minute"},"splitOn":"@triggerOutputs()?['body/value']","type":"OpenApiConnection","inputs":{"host":{"connectionName":"shared_office365","operationId":"OnNewEmailV3","apiId":"/providers/Microsoft.PowerApps/apis/shared_office365"},"parameters":{"folderPath":"Inbox","to":"Yuto.Kawabata@microsoft.com","from":"Yuto.Kawabata@microsoft.com","includeAttachments":true,"importance":"Any","fetchOnlyWithAttachment":true},"authentication":"@parameters('$authentication')"}}},"actions":{"For_each_attachment":{"foreach":"@triggerOutputs()?['body/attachments']","actions":{"Get_configuration":{"runAfter":{},"type":"OpenApiConnection","inputs":{"host":{"connectionName":"shared_commondataservice","operationId":"GetItems_V2","apiId":"/providers/Microsoft.PowerApps/apis/shared_commondataservice"},"parameters":{"dataset":"default.cds","table":"aib_documentautomationconfigurations","$top":1},"authentication":"@parameters('$authentication')"}},"For_each_configuration":{"foreach":"@outputs('Get_configuration')?['body/value']","actions":{"Create_a_new_document_processing":{"runAfter":{},"type":"OpenApiConnection","inputs":{"host":{"connectionName":"shared_commondataservice","operationId":"PostItem_V2","apiId":"/providers/Microsoft.PowerApps/apis/shared_commondataservice"},"parameters":{"dataset":"default.cds","table":"aib_documentautomationprocessings","item/aib_name":"@triggerOutputs()?['body/receivedDateTime']","item/aib_filemimetype":"@items('For_each_attachment')?['contentType']","item/aib_filename":"@items('For_each_attachment')?['name']","item/aib_processingstatus":914700000,"item/_aib_documentautomationconfigurati_value":"@items('For_each_configuration')?['aib_documentautomationconfigurationid']","item/_ownerid_type":""},"authentication":"@parameters('$authentication')"}},"Check_content_type_is_valid":{"actions":{"Update_document_processing_to_start_extraction":{"runAfter":{},"type":"OpenApiConnection","inputs":{"host":{"connectionName":"shared_commondataserviceforapps","operationId":"UpdateRecord","apiId":"/providers/Microsoft.PowerApps/apis/shared_commondataserviceforapps"},"parameters":{"entityName":"aib_documentautomationprocessings","recordId":"@outputs('Create_a_new_document_processing')?['body/aib_documentautomationprocessingid']","item/aib_processingstatus":914700001},"authentication":"@parameters('$authentication')"}}},"runAfter":{"Upload_attachment":["Succeeded"]},"else":{"actions":{"Update_document_processing_invalid_document":{"runAfter":{},"type":"OpenApiConnection","inputs":{"host":{"connectionName":"shared_commondataserviceforapps","operationId":"UpdateRecord","apiId":"/providers/Microsoft.PowerApps/apis/shared_commondataserviceforapps"},"parameters":{"entityName":"aib_documentautomationprocessings","recordId":"@outputs('Create_a_new_document_processing')?['body/aib_documentautomationprocessingid']","item/aib_processingstatus":914700005},"authentication":"@parameters('$authentication')"}}}},"expression":{"or":[{"equals":["@items('For_each_attachment')?['contentType']","application/pdf"]},{"equals":["@items('For_each_attachment')?['contentType']","image/jpeg"]},{"equals":["@items('For_each_attachment')?['contentType']","image/png"]}]},"type":"If"},"Upload_attachment":{"runAfter":{"Create_a_new_document_processing":["Succeeded"]},"type":"OpenApiConnection","inputs":{"host":{"connectionName":"shared_commondataserviceforapps","operationId":"UpdateEntityFileImageFieldContent","apiId":"/providers/Microsoft.PowerApps/apis/shared_commondataserviceforapps"},"parameters":{"entityName":"aib_documentautomationprocessings","recordId":"@outputs('Create_a_new_document_processing')?['body/aib_documentautomationprocessingid']","fileImageFieldName":"aib_filedata","item":"@base64ToBinary(items('For_each_attachment')?['contentBytes'])","x-ms-file-name":"Untitled"},"authentication":"@parameters('$authentication')"}}},"runAfter":{"Get_configuration":["Succeeded"]},"type":"Foreach"}},"runAfter":{},"type":"Foreach"}},"outputs":{}}},"schemaVersion":"1.0.0.0"}