{"properties":{"connectionReferences":{"shared_teams":{"runtimeSource":"embedded","connection":{},"api":{"name":"shared_teams"}},"shared_commondataserviceforapps":{"impersonation":{},"runtimeSource":"embedded","connection":{},"api":{"name":"shared_commondataserviceforapps"}},"shared_uiflow":{"runtimeSource":"embedded","connection":{},"api":{"name":"shared_uiflow"}}},"definition":{"$schema":"https://schema.management.azure.com/providers/Microsoft.Logic/schemas/2016-06-01/workflowdefinition.json#","contentVersion":"1.0.0.0","parameters":{"$connections":{"defaultValue":{},"type":"Object"},"$authentication":{"defaultValue":{},"type":"SecureObject"}},"triggers":{"When_a_row_is_created,_updated_or_deleted":{"type":"OpenApiConnectionWebhook","inputs":{"host":{"apiId":"/providers/Microsoft.PowerApps/apis/shared_commondataserviceforapps","connectionName":"shared_commondataserviceforapps","operationId":"SubscribeWebhookTrigger"},"parameters":{"subscriptionRequest/message":4,"subscriptionRequest/entityname":"aib_documentautomationdata","subscriptionRequest/scope":2,"subscriptionRequest/name":"19c74999-2c90-eb11-b1ac-00224857081a"},"authentication":"@parameters('$authentication')"}}},"actions":{"メッセージをフロー_ボットとしてユーザーに投稿する":{"runAfter":{},"type":"OpenApiConnection","inputs":{"host":{"apiId":"/providers/Microsoft.PowerApps/apis/shared_teams","connectionName":"shared_teams","operationId":"PostUserNotification"},"parameters":{"PostNotificationRequest/recipient/to":"Yuto.Kawabata@microsoft.com;","PostNotificationRequest/messageBody":"請求元会社：@{triggerOutputs()?['body/aib_data1']}\n\n請求元住所：@{triggerOutputs()?['body/aib_data2']}\n\n請求先会社：@{triggerOutputs()?['body/aib_data3']}\n\n請求先住所：@{triggerOutputs()?['body/aib_data4']}\n\n小計合計：@{triggerOutputs()?['body/aib_data5']}\n\n税額：@{triggerOutputs()?['body/aib_data6']}\n\n送料：@{triggerOutputs()?['body/aib_data7']}\n\n合計：@{triggerOutputs()?['body/aib_data8']}","PostNotificationRequest/messageTitle":"請求書が読み込まれました。"},"authentication":"@parameters('$authentication')"}},"Power_Automate_Desktop_で構築したフローを実行する_2":{"runAfter":{"メッセージをフロー_ボットとしてユーザーに投稿する":["Succeeded"]},"type":"OpenApiConnection","inputs":{"host":{"apiId":"/providers/Microsoft.PowerApps/apis/shared_uiflow","connectionName":"shared_uiflow","operationId":"RunUIFlow_V2"},"parameters":{"uiFlowId":"e1cedd6b-3faa-4d52-920b-d777310c3bb8","runMode":"attended","item/invoice_from":"@triggerOutputs()?['body/aib_data2']","item/invoice_from_name":"@triggerOutputs()?['body/aib_data1']","item/invoice_to_name":"@triggerOutputs()?['body/aib_data3']","item/total":"@triggerOutputs()?['body/aib_data8']"},"authentication":"@parameters('$authentication')"}}},"outputs":{}}},"schemaVersion":"1.0.0.0"}